Date,Daily.SAIDI
2015-01-01,1.864938844
2015-01-02,2.723133564
2015-01-03,8.488395075
2015-01-04,5.159391967
2015-01-05,5.419220909
2015-01-06,9.958686153
2015-01-07,0.015928437
2015-01-08,0.857862766
2015-01-09,0.506229811
2015-01-10,0.541965727
2015-01-11,0.467003024
2015-01-12,0.420963149
2015-01-13,0.271310802
2015-01-14,0.483852365
2015-01-15,0.377482533
2015-01-16,0.426509993
2015-01-17,0.301700653
2015-01-18,0.350562136
2015-01-19,0.362988994
2015-01-20,0.416342564
2015-01-21,0.405703974
2015-01-22,1.175317847
2015-01-23,0.514041437
2015-01-24,0.380245246
2015-01-25,0.314815512
2015-01-26,0.653183693
2015-01-27,0.382544831
2015-01-28,0.24203728
2015-01-29,0.382030837
2015-01-30,0.480321338
2015-01-31,0.204713874
2015-02-01,0.457470055
2015-02-02,0.550411814
2015-02-03,0.22437947
2015-02-04,0.184432557
2015-02-05,0.442649916
2015-02-06,0.209928764
2015-02-07,0.228269221
2015-02-08,0.178473448
2015-02-09,0.50671971
2015-02-10,0.345743449
2015-02-11,0.203038042
2015-02-12,0.303579941
2015-02-13,0.336652194
2015-02-14,0.215759375
2015-02-15,0.303606711
2015-02-16,0.4686387
2015-02-17,0.254956714
2015-02-18,0.34366606
2015-02-19,0.168782534
2015-02-20,0.280426151
2015-02-21,0.413229157
2015-02-22,0.429684972
2015-02-23,0.722385389
2015-02-24,0.585676569
2015-02-25,1.739971557
2015-02-26,0.670049097
2015-02-27,0.314794095
2015-02-28,0.576403275
2015-03-01,0.340892638
2015-03-02,0.333509339
2015-03-03,0.381433856
2015-03-04,0.350888736
2015-03-05,1.391393114
2015-03-06,0.333305884
2015-03-07,0.252515247
2015-03-08,0.341355767
2015-03-09,0.630881205
2015-03-10,0.452576411
2015-03-11,0.304184953
2015-03-12,0.362798923
2015-03-13,0.433293633
2015-03-14,0.215031218
2015-03-15,0.158706124
2015-03-16,0.227083289
2015-03-17,0.206403092
2015-03-18,0.233395768
2015-03-19,0.192388744
2015-03-20,0.201600467
2015-03-21,0.315069831
2015-03-22,0.379640233
2015-03-23,0.301489166
2015-03-24,0.273297172
2015-03-25,0.327510074
2015-03-26,0.522720427
2015-03-27,0.209553977
2015-03-28,0.238479483
2015-03-29,0.17788182
2015-03-30,0.245330049
2015-03-31,0.240768359
2015-04-01,0.335808924
2015-04-02,0.175453738
2015-04-03,0.207361475
2015-04-04,0.076643889
2015-04-05,0.598095396
2015-04-06,0.260043106
2015-04-07,0.210070648
2015-04-08,0.257564159
2015-04-09,0.599219756
2015-04-10,1.023448904
2015-04-11,0.34864537
2015-04-12,0.357618835
2015-04-13,1.861911102
2015-04-14,2.681293978
2015-04-15,0.636610088
2015-04-16,0.460497797
2015-04-17,2.001031942
2015-04-18,2.624543233
2015-04-19,10.63080728
2015-04-20,1.245924993
2015-04-21,0.436166106
2015-04-22,0.341018459
2015-04-23,0.569467043
2015-04-24,1.223116543
2015-04-25,8.572585563
2015-04-26,0.773682986
2015-04-27,7.266001335
2015-04-28,2.783977515
2015-04-29,0.493709256
2015-04-30,0.342089279
2015-05-01,0.635325105
2015-05-02,0.377487887
2015-05-03,0.414109906
2015-05-04,0.274070838
2015-05-05,0.606404954
2015-05-06,0.606212206
2015-05-07,0.52855907
2015-05-08,1.921652109
2015-05-09,1.651222056
2015-05-10,2.916044332
2015-05-11,2.979514468
2015-05-12,5.107224329
2015-05-13,1.520311723
2015-05-14,0.601928929
2015-05-15,1.577458671
2015-05-16,0.756726563
2015-05-17,2.488522415
2015-05-18,1.157828692
2015-05-19,1.164730122
2015-05-20,1.029916653
2015-05-21,1.347002301
2015-05-22,0.50463429
2015-05-23,1.551531459
2015-05-24,8.504323511
2015-05-25,3.50533224
2015-05-26,13.95094401
2015-05-27,10.44759546
2015-05-28,3.008718386
2015-05-29,4.910217677
2015-05-30,3.661687916
2015-05-31,1.478290098
2015-06-01,0.554553207
2015-06-02,0.438446951
2015-06-03,0.440093335
2015-06-04,0.339562145
2015-06-05,0.63891235
2015-06-06,0.321898981
2015-06-07,0.386903065
2015-06-08,0.569346576
2015-06-09,1.047009605
2015-06-10,1.518710848
2015-06-11,0.614810885
2015-06-12,0.65474709
2015-06-13,0.741071185
2015-06-14,1.306225503
2015-06-15,0.728877231
2015-06-16,0.802565659
2015-06-17,4.675582435
2015-06-18,1.804592823
2015-06-19,1.219333873
2015-06-20,0.49696187
2015-06-21,0.679975592
2015-06-22,1.124253153
2015-06-23,0.574299115
2015-06-24,0.445292163
2015-06-25,0.382887493
2015-06-26,0.50334663
2015-06-27,2.398051572
2015-06-28,0.750189211
2015-06-29,0.496501418
2015-06-30,2.175607608
2015-07-01,0.950842003
2015-07-02,0.489399209
2015-07-03,0.540935063
2015-07-04,0.853293045
2015-07-05,0.629050104
2015-07-06,0.500177005
2015-07-07,0.430097238
2015-07-08,0.774574443
2015-07-09,0.851700201
2015-07-10,0.517470736
2015-07-11,0.493912712
2015-07-12,0.054700125
2015-07-13,0.136427729
2015-07-14,0.532571965
2015-07-15,0.582986136
2015-07-16,0.464751626
2015-07-17,0.312590885
2015-07-18,0.622432441
2015-07-19,0.201509448
2015-07-20,0.339519312
2015-07-21,0.741976027
2015-07-22,0.552507943
2015-07-23,0.750036619
2015-07-24,0.46278935
2015-07-25,0.351260846
2015-07-26,0.984969014
2015-07-27,0.410581556
2015-07-28,0.493382656
2015-07-29,0.544626713
2015-07-30,0.732199447
2015-07-31,0.865583373
2015-08-01,0.462197722
2015-08-02,0.153611702
2015-08-03,0.303325621
2015-08-04,0.30084132
2015-08-05,0.295441714
2015-08-06,0.092700824
2015-08-07,0.090385178
2015-08-08,0.11194077
2015-08-09,0.821792219
2015-08-10,0.134245935
2015-08-11,0.680063934
2015-08-12,1.280458915
2015-08-13,0.557990537
2015-08-14,0.400772852
2015-08-15,0.282867619
2015-08-16,0.16428777
2015-08-17,0.258549313
2015-08-18,0.088508567
2015-08-19,0.568428348
2015-08-20,0.5479757
2015-08-21,0.156109388
2015-08-22,0.179166803
2015-08-23,0.038150614
2015-08-24,0.224151921
2015-08-25,0.312344596
2015-08-26,0.131518023
2015-08-27,0.184143436
2015-08-28,0.237288197
2015-08-29,0.143452304
2015-08-30,0.058911122
2015-08-31,0.123701042
2015-09-01,0.067938129
2015-09-02,0.083981678
2015-09-03,0.066754873
2015-09-04,0.063566509
2015-09-05,0.103133281
2015-09-06,0.15563555
2015-09-07,0.040273513
2015-09-08,0.080761189
2015-09-09,0.097739029
2015-09-10,0.220096193
2015-09-11,0.160628245
2015-09-12,0.035420024
2015-09-13,0.109734882
2015-09-14,0.0735867
2015-09-15,0.142908863
2015-09-16,0.149242759
2015-09-17,0.119503431
2015-09-18,0.068146938
2015-09-19,0.098092399
2015-09-20,0.070807924
2015-09-21,0.060996543
2015-09-22,0.077455035
2015-09-23,0.10450393
2015-09-24,0.07625304
2015-09-25,0.115683283
2015-09-26,0.506797345
2015-09-27,0.110420206
2015-09-28,0.256035565
2015-09-29,0.079280782
2015-09-30,0.065186123
2015-10-01,0.095575974
2015-10-02,0.133699817
2015-10-03,0.111592753
2015-10-04,0.051343107
2015-10-05,0.028060819
2015-10-06,0.097519511
2015-10-07,0.065036208
2015-10-08,0.101741216
2015-10-09,0.065295882
2015-10-10,0.083813024
2015-10-11,0.128059277
2015-10-12,0.068296853
2015-10-13,0.187497777
2015-10-14,0.104214809
2015-10-15,0.168000836
2015-10-16,0.143551355
2015-10-17,0.148313823
2015-10-18,0.26432906
2015-10-19,0.323971017
2015-10-20,0.12801109
2015-10-21,0.144041254
2015-10-22,0.35325257
2015-10-23,0.241831147
2015-10-24,0.58703651
2015-10-25,0.760916143
2015-10-26,0.519955037
2015-10-27,0.09538055
2015-10-28,0.126158572
2015-10-29,0.082113099
2015-10-30,1.221047184
2015-10-31,0.974817647
2015-11-01,0.173922466
2015-11-02,0.130880885
2015-11-03,0.110556736
2015-11-04,0.09470861
2015-11-05,0.036065193
2015-11-06,0.072695243
2015-11-07,0.148450353
2015-11-08,0.044085629
2015-11-09,0.049959073
2015-11-10,0.05655532
2015-11-11,0.063984129
2015-11-12,0.039938882
2015-11-13,0.068275437
2015-11-14,0.045520527
2015-11-15,0.109314585
2015-11-16,0.340568715
2015-11-17,1.818202936
2015-11-18,0.235119787
2015-11-19,0.071147909
2015-11-20,0.047897746
2015-11-21,0.239595812
2015-11-22,0.18391321
2015-11-23,0.111721252
2015-11-24,0.040493031
2015-11-25,0.046864405
2015-11-26,0.065196831
2015-11-27,0.586131668
2015-11-28,0.436265157
2015-11-29,0.314001689
2015-11-30,0.144429426
2015-12-01,0.06539761
2015-12-02,0.069683564
2015-12-03,0.170803705
2015-12-04,0.08397097
2015-12-05,0.087595693
2015-12-06,0.169047561
2015-12-07,0.055264983
2015-12-08,0.067600821
2015-12-09,0.152594423
2015-12-10,0.064811336
2015-12-11,0.046393245
2015-12-12,0.123042488
2015-12-13,1.363741883
2015-12-14,0.238412557
2015-12-15,0.138909353
2015-12-16,0.387259113
2015-12-17,0.077693292
2015-12-18,0.122402674
2015-12-19,0.139118163
2015-12-20,0.132163192
2015-12-21,0.086977295
2015-12-22,0.068596683
2015-12-23,0.057585983
2015-12-24,0.021526144
2015-12-25,0.061015282
2015-12-26,0.136457177
2015-12-27,2.477185116
2015-12-28,2.378514474
2015-12-29,0.657456262
2015-12-30,0.357150352
2015-12-31,0.000819177
2016-01-01,0.238198355
2016-01-02,0.065035742
2016-01-03,0.214125495
2016-01-04,0.094452872
2016-01-05,0.080938491
2016-01-06,0.070380011
2016-01-07,0.194581075
2016-01-08,0.110065943
2016-01-09,0.567367531
2016-01-10,0.119619416
2016-01-11,0.142580858
2016-01-12,0.077769765
2016-01-13,0.07804762
2016-01-14,0.147416713
2016-01-15,0.101813066
2016-01-16,0.136663143
2016-01-17,0.126512578
2016-01-18,0.542898579
2016-01-19,0.055653711
2016-01-20,0.194167249
2016-01-21,0.636387827
2016-01-22,0.232883645
2016-01-23,0.15216389
2016-01-24,0.124573507
2016-01-25,0.052526367
2016-01-26,0.608696944
2016-01-27,0.063942058
2016-01-28,0.165424064
2016-01-29,0.113754908
2016-01-30,0.203117718
2016-01-31,0.299214071
2016-02-01,0.40437913
2016-02-02,0.49840044
2016-02-03,0.084290483
2016-02-04,0.123113292
2016-02-05,0.094523814
2016-02-06,0.237423909
2016-02-07,0.037599065
2016-02-08,0.193174066
2016-02-09,0.131029195
2016-02-10,0.11448206
2016-02-11,0.207049067
2016-02-12,0.090917614
2016-02-13,0.041223
2016-02-14,0.167558225
2016-02-15,0.530259145
2016-02-16,0.107754428
2016-02-17,0.054802411
2016-02-18,0.059679648
2016-02-19,0.082416442
2016-02-20,0.091272322
2016-02-21,0.119483445
2016-02-22,0.167097104
2016-02-23,1.04481063
2016-02-24,1.192440168
2016-02-25,0.463384833
2016-02-26,0.082682473
2016-02-27,0.149456285
2016-02-28,0.061045275
2016-02-29,0.13101146
2016-03-01,0.269968383
2016-03-02,0.074400037
2016-03-03,0.115079152
2016-03-04,0.120488451
2016-03-05,0.062830639
2016-03-06,0.046112061
2016-03-07,0.126678109
2016-03-08,0.460127429
2016-03-09,2.23994658
2016-03-10,0.456272934
2016-03-11,0.240835019
2016-03-12,0.037001973
2016-03-13,0.530501529
2016-03-14,0.220043209
2016-03-15,0.192523767
2016-03-16,0.710232155
2016-03-17,0.109149614
2016-03-18,0.189668367
2016-03-19,0.524838022
2016-03-20,0.186895731
2016-03-21,0.599575032
2016-03-22,0.162876077
2016-03-23,0.204660698
2016-03-24,1.628512472
2016-03-25,0.240758166
2016-03-26,0.056629158
2016-03-27,0.285055304
2016-03-28,0.086974442
2016-03-29,0.07880433
2016-03-30,0.278806528
2016-03-31,0.206688447
2016-04-01,0.872777171
2016-04-02,0.272167574
2016-04-03,0.168202611
2016-04-04,0.277021164
2016-04-05,0.103492018
2016-04-06,0.136473966
2016-04-07,0.233675826
2016-04-08,0.152500863
2016-04-09,0.158418578
2016-04-10,0.098313279
2016-04-11,0.63426549
2016-04-12,0.150366702
2016-04-13,0.983800826
2016-04-14,0.179145358
2016-04-15,0.17643184
2016-04-16,0.267260777
2016-04-17,0.872907231
2016-04-18,2.784299463
2016-04-19,0.865340123
2016-04-20,0.289329537
2016-04-21,0.684149282
2016-04-22,0.256388972
2016-04-23,0.590269854
2016-04-24,0.197856213
2016-04-25,0.338994592
2016-04-26,0.213835816
2016-04-27,13.91079695
2016-04-28,5.506087523
2016-04-29,1.28699354
2016-04-30,6.858347366
2016-05-01,1.640649403
2016-05-02,0.322382426
2016-05-03,0.124703567
2016-05-04,0.07365515
2016-05-05,0.35653491
2016-05-06,0.127233818
2016-05-07,0.080707931
2016-05-08,0.322293749
2016-05-09,0.87437927
2016-05-10,3.554548239
2016-05-11,0.890902758
2016-05-12,0.744071314
2016-05-13,0.246031494
2016-05-14,0.243779097
2016-05-15,0.635436027
2016-05-16,0.28451733
2016-05-17,0.142444887
2016-05-18,0.841438705
2016-05-19,0.442350639
2016-05-20,0.728286801
2016-05-21,0.289495067
2016-05-22,0.982027285
2016-05-23,0.123450264
2016-05-24,0.294537835
2016-05-25,0.137484884
2016-05-26,1.243104317
2016-05-27,22.09303933
2016-05-28,17.65751425
2016-05-29,7.963286942
2016-05-30,2.520751297
2016-05-31,0.782592621
2016-06-01,0.470768674
2016-06-02,1.178973081
2016-06-03,0.634448756
2016-06-04,0.865807156
2016-06-05,0.432962696
2016-06-06,0.474179784
2016-06-07,0.455681754
2016-06-08,0.297600149
2016-06-09,0.332733993
2016-06-10,0.416894416
2016-06-11,0.335524363
2016-06-12,0.545316507
2016-06-13,0.969133644
2016-06-14,0.554355653
2016-06-15,0.645356032
2016-06-16,0.502710144
2016-06-17,0.210826709
2016-06-18,0.790833674
2016-06-19,2.037603308
2016-06-20,0.206517004
2016-06-21,0.210028615
2016-06-22,0.180126717
2016-06-23,0.527143625
2016-06-24,0.27455003
2016-06-25,0.227279256
2016-06-26,0.452282467
2016-06-27,0.284665125
2016-06-28,1.199427919
2016-06-29,1.630008158
2016-06-30,0.460304783
2016-07-01,0.388718764
2016-07-02,0.336257427
2016-07-03,0.183898447
2016-07-04,0.484152996
2016-07-05,0.37037444
2016-07-06,0.643470167
2016-07-07,0.775829518
2016-07-08,0.881526639
2016-07-09,0.493133024
2016-07-10,1.155473665
2016-07-11,0.721819289
2016-07-12,0.169745592
2016-07-13,0.30121226
2016-07-14,0.675169253
2016-07-15,1.194408798
2016-07-16,2.475945745
2016-07-17,1.015358029
2016-07-18,0.967466515
2016-07-19,0.245901434
2016-07-20,0.363097011
2016-07-21,0.261041561
2016-07-22,0.215768976
2016-07-23,0.323393344
2016-07-24,0.504714245
2016-07-25,0.867421078
2016-07-26,0.570341167
2016-07-27,0.742475127
2016-07-28,0.873728971
2016-07-29,0.302501033
2016-07-30,0.542401988
2016-07-31,0.366395797
2016-08-01,0.133837302
2016-08-02,0.241514877
2016-08-03,0.151844653
2016-08-04,0.192044911
2016-08-05,0.375009294
2016-08-06,0.330292418
2016-08-07,0.250140197
2016-08-08,0.28311032
2016-08-09,0.389587799
2016-08-10,0.279007529
2016-08-11,0.319816704
2016-08-12,0.11802323
2016-08-13,1.125323471
2016-08-14,1.790974722
2016-08-15,1.150484104
2016-08-16,1.087239638
2016-08-17,0.779808161
2016-08-18,0.431721217
2016-08-19,0.333065053
2016-08-20,0.599693268
2016-08-21,0.401547376
2016-08-22,0.329517972
2016-08-23,0.304138603
2016-08-24,0.644841705
2016-08-25,0.282862025
2016-08-26,0.643700727
2016-08-27,0.631540149
2016-08-28,0.389339504
2016-08-29,0.763095495
2016-08-30,0.215698034
2016-08-31,0.379519999
2016-09-01,0.219345616
2016-09-02,0.216892218
2016-09-03,0.148049276
2016-09-04,0.096403767
2016-09-05,0.342784057
2016-09-06,0.198530159
2016-09-07,0.232440259
2016-09-08,0.43530377
2016-09-09,0.134180186
2016-09-10,0.212913575
2016-09-11,0.118951383
2016-09-12,0.242632207
2016-09-13,0.196809824
2016-09-14,0.18476157
2016-09-15,0.454138773
2016-09-16,0.257133859
2016-09-17,0.166322658
2016-09-18,0.223347907
2016-09-19,0.19689259
2016-09-20,0.28383156
2016-09-21,0.483875141
2016-09-22,0.17351141
2016-09-23,0.10303681
2016-09-24,0.552327905
2016-09-25,0.715109392
2016-09-26,0.705289888
2016-09-27,0.254296194
2016-09-28,0.48085421
2016-09-29,0.118986853
2016-09-30,1.148958859
2016-10-01,0.121842254
2016-10-02,0.081092198
2016-10-03,0.059484559
2016-10-04,0.156686419
2016-10-05,0.06293114
2016-10-06,0.713229439
2016-10-07,0.245617668
2016-10-08,0.070894338
2016-10-09,0.2990781
2016-10-10,0.110367445
2016-10-11,0.210513383
2016-10-12,0.089871225
2016-10-13,0.286202193
2016-10-14,0.153387633
2016-10-15,0.047329893
2016-10-16,0.12255167
2016-10-17,0.289359096
2016-10-18,0.165294004
2016-10-19,0.203141365
2016-10-20,0.230513012
2016-10-21,0.197282769
2016-10-22,0.173062113
2016-10-23,0.126488931
2016-10-24,0.273066168
2016-10-25,0.394559625
2016-10-26,0.276217159
2016-10-27,0.099010872
2016-10-28,0.074181301
2016-10-29,0.114978651
2016-10-30,0.212115482
2016-10-31,0.149219812
2016-11-01,0.121067808
2016-11-02,0.382594137
2016-11-03,0.238074207
2016-11-04,0.221308335
2016-11-05,0.13537437
2016-11-06,0.136580378
2016-11-07,0.491176217
2016-11-08,0.467700449
2016-11-09,0.269755558
2016-11-10,0.475155232
2016-11-11,0.125767691
2016-11-12,0.504081683
2016-11-13,0.160801034
2016-11-14,0.186274992
2016-11-15,0.075416867
2016-11-16,0.128593533
2016-11-17,0.172021636
2016-11-18,0.250636788
2016-11-19,0.490638243
2016-11-20,0.290494162
2016-11-21,0.087878947
2016-11-22,0.095327819
2016-11-23,0.524938523
2016-11-24,0.096587033
2016-11-25,0.218009549
2016-11-26,0.162036601
2016-11-27,0.03554767
2016-11-28,0.635737529
2016-11-29,0.272398134
2016-11-30,0.109096407
2016-12-01,0.399484157
2016-12-02,0.092046768
2016-12-03,1.000336138
2016-12-04,0.626503293
2016-12-05,0.461493056
2016-12-06,0.211311476
2016-12-07,0.229910008
2016-12-08,0.726672879
2016-12-09,0.338610324
2016-12-10,0.072567378
2016-12-11,0.321022711
2016-12-12,0.113855409
2016-12-13,0.184117184
2016-12-14,0.068630118
2016-12-15,0.063995264
2016-12-16,0.216135507
2016-12-17,1.303865825
2016-12-18,1.561431246
2016-12-19,0.704604119
2016-12-20,0.132430293
2016-12-21,0.410947143
2016-12-22,0.510099898
2016-12-23,0.039443548
2016-12-24,0.734996697
2016-12-25,0.208875814
2016-12-26,0.156455859
2016-12-27,0.322654369
2016-12-28,0.075150836
2016-12-29,0.252835979
2016-12-30,0.225091889
2016-12-31,0.000135971
2017-01-01,0.290218331
2017-01-02,1.501566056
2017-01-03,0.111132372
2017-01-04,0.07277767
2017-01-05,0.219409234
2017-01-06,0.117643802
2017-01-07,2.625653046
2017-01-08,0.614967793
2017-01-09,0.080008386
2017-01-10,0.373066003
2017-01-11,0.34022222
2017-01-12,0.185494634
2017-01-13,0.245216995
2017-01-14,0.125042171
2017-01-15,1.038281052
2017-01-16,1.112308008
2017-01-17,0.083734611
2017-01-18,0.189502084
2017-01-19,0.273404348
2017-01-20,0.141099012
2017-01-21,1.113368008
2017-01-22,3.878540882
2017-01-23,0.410247134
2017-01-24,0.065990423
2017-01-25,0.192617187
2017-01-26,0.126145437
2017-01-27,0.31883293
2017-01-28,0.058640728
2017-01-29,0.082523182
2017-01-30,0.093891144
2017-01-31,0.218008519
2017-02-01,0.088099
2017-02-02,0.138292174
2017-02-03,0.156734015
2017-02-04,0.21738658
2017-02-05,0.126437478
2017-02-06,0.098855839
2017-02-07,0.137059113
2017-02-08,0.351617223
2017-02-09,0.111597474
2017-02-10,0.047754092
2017-02-11,0.207743823
2017-02-12,0.358382837
2017-02-13,0.20356872
2017-02-14,0.712022713
2017-02-15,0.142964828
2017-02-16,0.096962981
2017-02-17,0.059722361
2017-02-18,0.06785624
2017-02-19,0.0427245
2017-02-20,2.471109338
2017-02-21,0.231334236
2017-02-22,0.164283813
2017-02-23,0.220323213
2017-02-24,0.225612398
2017-02-25,0.048878991
2017-02-26,0.060484912
2017-02-27,0.094486042
2017-02-28,0.394812233
2017-03-01,0.092295735
2017-03-02,0.186311267
2017-03-03,0.053708482
2017-03-04,0.164537997
2017-03-05,0.305074559
2017-03-06,0.276854757
2017-03-07,0.160335853
2017-03-08,0.07911063
2017-03-09,0.127097274
2017-03-10,0.144776564
2017-03-11,0.050598787
2017-03-12,0.12769758
2017-03-13,0.096757471
2017-03-14,0.156971974
2017-03-15,0.083869815
2017-03-16,0.188955859
2017-03-17,0.204201475
2017-03-18,0.16220167
2017-03-19,0.034168783
2017-03-20,0.091468286
2017-03-21,0.136491256
2017-03-22,0.083420937
2017-03-23,0.362006307
2017-03-24,0.43925112
2017-03-25,4.470080506
2017-03-26,0.299877313
2017-03-27,0.160887486
2017-03-28,0.584638806
2017-03-29,2.734789806
2017-03-30,0.525311242
2017-03-31,0.656545762
2017-04-01,0.07451369
2017-04-02,2.682579386
2017-04-03,0.663733212
2017-04-04,0.350411202
2017-04-05,0.402708153
2017-04-06,0.269889041
2017-04-07,0.252572098
2017-04-08,0.205261475
2017-04-09,0.15616075
2017-04-10,0.153635137
2017-04-11,1.789669795
2017-04-12,0.23427087
2017-04-13,0.223265255
2017-04-14,0.122202885
2017-04-15,0.16959463
2017-04-16,0.213465661
2017-04-17,0.266730673
2017-04-18,0.350157018
2017-04-19,0.114106863
2017-04-20,0.072312567
2017-04-21,0.224644337
2017-04-22,0.071171445
2017-04-23,0.030334395
2017-04-24,0.115740128
2017-04-25,0.181892796
2017-04-26,0.797087732
2017-04-27,0.311667112
2017-04-28,0.221675254
2017-04-29,0.942561949
2017-04-30,12.6180644
2017-05-01,7.858766073
2017-05-02,1.61104353
2017-05-03,0.801825284
2017-05-04,1.472302478
2017-05-05,0.46915827
2017-05-06,0.17168759
2017-05-07,0.364045185
2017-05-08,0.072615425
2017-05-09,0.483516947
2017-05-10,0.258158732
2017-05-11,0.182401164
2017-05-12,0.620835651
2017-05-13,0.41193989
2017-05-14,0.089624102
2017-05-15,0.143824727
2017-05-16,0.200410352
2017-05-17,0.544558899
2017-05-18,0.272495776
2017-05-19,0.140201256
2017-05-20,0.909728982
2017-05-21,0.928343885
2017-05-22,0.989769817
2017-05-23,0.421085096
2017-05-24,0.635745961
2017-05-25,0.195802596
2017-05-26,0.309909458
2017-05-27,0.218235662
2017-05-28,1.667223542
2017-05-29,25.81341791
2017-05-30,10.34174092
2017-05-31,5.907311037
2017-06-01,2.819049008
2017-06-02,0.792252833
2017-06-03,0.976682059
2017-06-04,1.084066573
2017-06-05,0.805951714
2017-06-06,0.872104382
2017-06-07,0.50743185
2017-06-08,0.28736282
2017-06-09,0.90378541
2017-06-10,0.193666371
2017-06-11,0.177149836
2017-06-12,0.108017269
2017-06-13,0.547690227
2017-06-14,0.614264732
2017-06-15,0.348783345
2017-06-16,0.486010111
2017-06-17,0.186808818
2017-06-18,0.534807979
2017-06-19,0.347479977
2017-06-20,0.387878966
2017-06-21,0.416412442
2017-06-22,0.991213797
2017-06-23,0.621825346
2017-06-24,2.009479233
2017-06-25,0.491028887
2017-06-26,1.178374146
2017-06-27,0.583167786
2017-06-28,0.656583619
2017-06-29,0.225861174
2017-06-30,0.186998104
2017-07-01,2.62189978
2017-07-02,3.820754644
2017-07-03,0.420890402
2017-07-04,0.815767532
2017-07-05,0.593481155
2017-07-06,0.269434755
2017-07-07,0.606563505
2017-07-08,0.838146517
2017-07-09,0.619153712
2017-07-10,0.843981927
2017-07-11,0.37887978
2017-07-12,0.335944362
2017-07-13,0.31779997
2017-07-14,0.373774473
2017-07-15,1.33357765
2017-07-16,0.659839334
2017-07-17,0.264069856
2017-07-18,0.17042208
2017-07-19,0.261300876
2017-07-20,0.338713342
2017-07-21,1.945543912
2017-07-22,0.207992598
2017-07-23,0.350027222
2017-07-24,0.569263395
2017-07-25,0.282084452
2017-07-26,0.588397481
2017-07-27,0.31332201
2017-07-28,0.201070148
2017-07-29,0.369956309
2017-07-30,0.51565226
2017-07-31,0.507096544
2017-08-01,0.559274515
2017-08-02,0.637330553
2017-08-03,0.483927967
2017-08-04,0.393546722
2017-08-05,0.21612107
2017-08-06,0.861017645
2017-08-07,1.239713547
2017-08-08,0.621787488
2017-08-09,0.883315507
2017-08-10,0.402843357
2017-08-11,0.151136565
2017-08-12,1.022770437
2017-08-13,0.712655468
2017-08-14,0.519757057
2017-08-15,1.299468357
2017-08-16,0.401821214
2017-08-17,0.239468116
2017-08-18,0.651575658
2017-08-19,0.365110593
2017-08-20,0.15229932
2017-08-21,0.288887923
2017-08-22,0.163029119
2017-08-23,0.420744381
2017-08-24,0.869540912
2017-08-25,0.524013282
2017-08-26,7.398579948
2017-08-27,15.9847171
2017-08-28,19.07323873
2017-08-29,14.7914651
2017-08-30,32.029573
2017-08-31,29.45410231
2017-09-01,33.00116597
2017-09-02,28.72109592
2017-09-03,16.63789358
2017-09-04,9.705519044
2017-09-05,8.180735738
2017-09-06,7.9668212
2017-09-07,4.470697037
2017-09-08,2.113213236
2017-09-09,1.032045439
2017-09-10,0.78675273
2017-09-11,0.234854951
2017-09-12,0.233026992
2017-09-13,0.236482809
2017-09-14,0.097352369
2017-09-15,0.173483101
2017-09-16,0.549518186
2017-09-17,0.634729226
2017-09-18,0.626151877
2017-09-19,0.517842567
2017-09-20,0.284815575
2017-09-21,0.217803009
2017-09-22,0.389231007
2017-09-23,0.276719553
2017-09-24,0.194564126
2017-09-25,0.292257209
2017-09-26,0.862932135
2017-09-27,0.475777863
2017-09-28,0.280375472
2017-09-29,0.524575732
2017-09-30,0.385174884
2017-10-01,0.36665192
2017-10-02,0.215948008
2017-10-03,0.520049098
2017-10-04,0.304685171
2017-10-05,0.120807578
2017-10-06,0.69844822
2017-10-07,0.74986364
2017-10-08,0.197895555
2017-10-09,0.096065226
2017-10-10,0.350833039
2017-10-11,0.320731195
2017-10-12,0.48922256
2017-10-13,0.261322508
2017-10-14,0.424070403
2017-10-15,0.520611547
2017-10-16,0.099407472
2017-10-17,0.360811102
2017-10-18,0.3784958
2017-10-19,0.21040464
2017-10-20,0.24249128
2017-10-21,0.55148135
2017-10-22,3.843712303
2017-10-23,0.404411725
2017-10-24,0.259234957
2017-10-25,0.37375284
2017-10-26,0.314874153
2017-10-27,0.235612094
2017-10-28,0.362785083
2017-10-29,0.493056949
2017-10-30,0.25789914
2017-10-31,0.49868144
2017-11-01,0.469407046
2017-11-02,0.080500529
2017-11-03,0.080008386
2017-11-04,0.034996232
2017-11-05,0.050020113
2017-11-06,0.055704094
2017-11-07,0.159859934
2017-11-08,0.050241848
2017-11-09,0.11349574
2017-11-10,0.175278611
2017-11-11,0.107752269
2017-11-12,0.109385535
2017-11-13,0.095091756
2017-11-14,0.040869499
2017-11-15,0.187955349
2017-11-16,0.063291749
2017-11-17,0.034812355
2017-11-18,0.08014359
2017-11-19,0.062929402
2017-11-20,0.171330651
2017-11-21,0.613875344
2017-11-22,0.720670368
2017-11-23,0.734060983
2017-11-24,0.651051066
2017-11-25,0.38551019
2017-11-26,0.449158878
2017-11-27,0.76668844
2017-11-28,0.770290277
2017-11-29,0.738333433
2017-11-30,0.903893573
2017-12-01,0.576337274
2017-12-02,0.421782749
2017-12-03,0.65661066
2017-12-04,1.718893146
2017-12-05,1.759594992
2017-12-06,1.794045
2017-12-07,2.29944338
2017-12-08,9.092995742
2017-12-09,2.371220539
2017-12-10,0.827762841
2017-12-11,0.930079905
2017-12-12,0.925331537
2017-12-13,0.97691461
2017-12-14,1.038237787
2017-12-15,1.011667475
2017-12-16,0.960408892
2017-12-17,1.885302368
2017-12-18,0.772594155
2017-12-19,2.226508874
2017-12-20,2.28845399
2017-12-21,0.946077256
2017-12-22,1.047858912
2017-12-23,1.413829403
2017-12-24,0.826627127
2017-12-25,0.39137264
2017-12-26,0.452587654
2017-12-27,0.771398951
2017-12-28,0.754741804
2017-12-29,1.051033504
2017-12-30,0.523391344
2017-12-31,0.00577592
2018-01-01,1.042412974
2018-01-02,0.861247012
2018-01-03,1.389420304
2018-01-04,0.554757743
2018-01-05,0.212368116
2018-01-06,0.152595332
2018-01-07,0.117241337
2018-01-08,0.272894461
2018-01-09,0.175658768
2018-01-10,0.129502861
2018-01-11,0.535322218
2018-01-12,0.982322137
2018-01-13,0.132286152
2018-01-14,0.116504933
2018-01-15,0.123104855
2018-01-16,1.06656518
2018-01-17,2.269197512
2018-01-18,0.550512202
2018-01-19,0.287596148
2018-01-20,0.187173331
2018-01-21,0.271843964
2018-01-22,0.554958341
2018-01-23,0.259978356
2018-01-24,0.243934513
2018-01-25,0.095322098
2018-01-26,0.124238495
2018-01-27,0.192603981
2018-01-28,0.112019203
2018-01-29,0.177545969
2018-01-30,0.161499486
2018-01-31,0.143647626
2018-02-01,0.286071871
2018-02-02,0.066131198
2018-02-03,0.087418291
2018-02-04,0.218091744
2018-02-05,0.082477257
2018-02-06,0.152018614
2018-02-07,0.41799378
2018-02-08,0.287296572
2018-02-09,0.168763228
2018-02-10,0.339523194
2018-02-11,0.169242287
2018-02-12,0.183012252
2018-02-13,0.211577604
2018-02-14,0.214904619
2018-02-15,0.164607428
2018-02-16,0.220465922
2018-02-17,0.185530278
2018-02-18,0.281140075
2018-02-19,0.339568065
2018-02-20,0.564961823
2018-02-21,1.56584187
2018-02-22,2.888492231
2018-02-23,2.159171087
2018-02-24,1.827485714
2018-02-25,0.743729853
2018-02-26,0.282057281
2018-02-27,0.252090386
2018-02-28,0.274486044
2018-03-01,0.77500987
2018-03-02,0.153397722
2018-03-03,0.242963198
2018-03-04,0.104268484
2018-03-05,0.255431918
2018-03-06,0.227474958
2018-03-07,0.159678272
2018-03-08,0.186566259
2018-03-09,0.176232847
2018-03-10,0.289029365
2018-03-11,0.515093541
2018-03-12,0.207142023
2018-03-13,0.186810407
2018-03-14,0.232778915
2018-03-15,0.166407527
2018-03-16,0.259149571
2018-03-17,0.260172355
2018-03-18,0.368623033
2018-03-19,1.033190767
2018-03-20,0.508055471
2018-03-21,0.341781236
2018-03-22,0.157252626
2018-03-23,0.346057131
2018-03-24,0.423107697
2018-03-25,0.22939911
2018-03-26,0.163475108
2018-03-27,0.396151084
2018-03-28,1.426761797
2018-03-29,1.785283689
2018-03-30,0.215585595
2018-03-31,0.145352705
2018-04-01,0.12931942
2018-04-02,0.208976434
2018-04-03,0.396875611
2018-04-04,0.844288602
2018-04-05,0.214151059
2018-04-06,0.236277494
2018-04-07,0.698328826
2018-04-08,0.126870018
2018-04-09,0.195116729
2018-04-10,0.252836028
2018-04-11,0.218673741
2018-04-12,0.244272361
2018-04-13,0.684552262
2018-04-14,4.515014854
2018-04-15,0.491273905
2018-04-16,0.328481092
2018-04-17,0.395933331
2018-04-18,0.352565993
2018-04-19,0.216909275
2018-04-20,0.175999256
2018-04-21,0.363456327
2018-04-22,0.524021451
2018-04-23,0.139077434
2018-04-24,0.229974508
2018-04-25,0.425751097
2018-04-26,0.42493815
2018-04-27,0.154914081
2018-04-28,0.225569281
2018-04-29,0.138740905
2018-04-30,0.274198345
2018-05-01,0.187445193
2018-05-02,0.330604522
2018-05-03,1.73105637
2018-05-04,0.755905595
2018-05-05,0.444026588
2018-05-06,0.326236247
2018-05-07,0.338475336
2018-05-08,0.495362399
2018-05-09,0.285918784
2018-05-10,0.190071437
2018-05-11,0.31531424
2018-05-12,0.202699843
2018-05-13,0.243390788
2018-05-14,0.298947065
2018-05-15,0.329328353
2018-05-16,0.439185853
2018-05-17,0.483061283
2018-05-18,0.577046504
2018-05-19,0.222927201
2018-05-20,0.997665208
2018-05-21,1.114915783
2018-05-22,0.673284488
2018-05-23,0.469440447
2018-05-24,0.303043478
2018-05-25,0.463075435
2018-05-26,0.514407287
2018-05-27,0.684242128
2018-05-28,0.339244733
2018-05-29,0.415994403
2018-05-30,0.289926775
2018-05-31,0.42248083
2018-06-01,0.298668604
2018-06-02,0.40382262
2018-06-03,0.268634403
2018-06-04,4.458050435
2018-06-05,0.784872142
2018-06-06,0.383580746
2018-06-07,0.535656108
2018-06-08,1.454632976
2018-06-09,0.345649337
2018-06-10,0.349246895
2018-06-11,0.387889634
2018-06-12,0.359227942
2018-06-13,0.385745088
2018-06-14,0.485707323
2018-06-15,0.360011856
2018-06-16,0.329849642
2018-06-17,0.454092097
2018-06-18,0.515436669
2018-06-19,0.615501842
2018-06-20,1.223221292
2018-06-21,0.998346184
2018-06-22,0.398477752
2018-06-23,0.614079183
2018-06-24,0.718779216
2018-06-25,0.5363516
2018-06-26,0.301227542
2018-06-27,0.395460871
2018-06-28,0.291044578
2018-06-29,0.226904838
2018-06-30,0.396545681
2018-07-01,0.269530493
2018-07-02,0.374076118
2018-07-03,0.599047566
2018-07-04,1.666469245
2018-07-05,0.72277137
2018-07-06,0.831055764
2018-07-07,0.682376043
2018-07-08,0.557731074
2018-07-09,0.488538124
2018-07-10,0.580505492
2018-07-11,0.412387607
2018-07-12,0.704861442
2018-07-13,1.014903399
2018-07-14,0.300448907
2018-07-15,0.384746059
2018-07-16,0.491226395
2018-07-17,0.781987233
2018-07-18,0.317083985
2018-07-19,0.411706631
2018-07-20,0.527630887
2018-07-21,0.243628338
2018-07-22,0.500975171
2018-07-23,0.539034592
2018-07-24,0.450135575
2018-07-25,0.260215906
2018-07-26,0.285206134
2018-07-27,0.251586253
2018-07-28,0.311273255
2018-07-29,0.47986624
2018-07-30,0.769187263
2018-07-31,0.682232194
2018-08-01,0.354162854
2018-08-02,0.299175377
2018-08-03,0.403367317
2018-08-04,0.471470177
2018-08-05,0.3673627
2018-08-06,0.244459761
2018-08-07,0.363701795
2018-08-08,0.440367003
2018-08-09,0.604999506
2018-08-10,0.828177453
2018-08-11,0.994695837
2018-08-12,0.855317507
2018-08-13,0.69788276
2018-08-14,0.502540359
2018-08-15,0.268910225
2018-08-16,0.315163792
2018-08-17,0.231865668
2018-08-18,0.273456662
2018-08-19,1.014395306
2018-08-20,0.384608808
2018-08-21,0.363685958
2018-08-22,0.550762949
2018-08-23,0.255009608
2018-08-24,0.222869133
2018-08-25,0.185352116
2018-08-26,0.226883723
2018-08-27,0.313900819
2018-08-28,0.431804656
2018-08-29,0.458146278
2018-08-30,0.285488555
2018-08-31,0.185821937
2018-09-01,0.197005249
2018-09-02,0.46659249
2018-09-03,0.675498979
2018-09-04,0.53092359
2018-09-05,0.332688361
2018-09-06,0.617985556
2018-09-07,0.559139216
2018-09-08,0.780022169
2018-09-09,0.541357301
2018-09-10,0.552260832
2018-09-11,0.416633148
2018-09-12,0.406439626
2018-09-13,0.268957735
2018-09-14,0.289764449
2018-09-15,0.388639235
2018-09-16,0.27058363
2018-09-17,0.25466912
2018-09-18,0.249523529
2018-09-19,0.268881191
2018-09-20,0.529813705
2018-09-21,0.620758289
2018-09-22,2.072382303
2018-09-23,0.670092084
2018-09-24,0.28725566
2018-09-25,0.372433066
2018-09-26,0.404337311
2018-09-27,0.644407682
2018-09-28,0.221123142
2018-09-29,0.347223764
2018-09-30,0.287237184
2018-10-01,0.192006147
2018-10-02,0.247266807
2018-10-03,0.173522141
2018-10-04,0.219943312
2018-10-05,0.254803731
2018-10-06,0.671139942
2018-10-07,0.663577943
2018-10-08,0.577961071
2018-10-09,1.041889045
2018-10-10,0.56804469
2018-10-11,0.267063936
2018-10-12,0.230127596
2018-10-13,0.65013263
2018-10-14,0.524955813
2018-10-15,1.448963457
2018-10-16,0.803600297
2018-10-17,0.351283224
2018-10-18,0.342034622
2018-10-19,0.333664954
2018-10-20,0.255344817
2018-10-21,0.270854173
2018-10-22,0.17446838
2018-10-23,0.281199463
2018-10-24,0.346637808
2018-10-25,0.391605967
2018-10-26,0.279617118
2018-10-27,0.25995988
2018-10-28,0.14844481
2018-10-29,0.223948664
2018-10-30,0.304281376
2018-10-31,0.496328434
2018-11-01,1.13084745
2018-11-02,0.273690253
2018-11-03,0.275264679
2018-11-04,0.583137015
2018-11-05,0.221933451
2018-11-06,0.271081165
2018-11-07,0.284852449
2018-11-08,0.388372651
2018-11-09,0.822492097
2018-11-10,0.317226515
2018-11-11,0.17617082
2018-11-12,0.506686921
2018-11-13,0.840402025
2018-11-14,0.719693782
2018-11-15,0.344253073
2018-11-16,0.262780123
2018-11-17,0.177289943
2018-11-18,0.263413588
2018-11-19,0.432372136
2018-11-20,0.2196213
2018-11-21,0.165466566
2018-11-22,0.205621705
2018-11-23,0.190784086
2018-11-24,0.2719535
2018-11-25,0.278355465
2018-11-26,0.296801199
2018-11-27,0.256771435
2018-11-28,0.243620419
2018-11-29,0.189452488
2018-11-30,0.301859688
2018-12-01,0.46668619
2018-12-02,0.243530678
2018-12-03,0.323055721
2018-12-04,0.155127875
2018-12-05,0.142297552
2018-12-06,0.195548277
2018-12-07,0.40552242
2018-12-08,0.925603186
2018-12-09,0.259680099
2018-12-10,0.335333081
2018-12-11,0.304963671
2018-12-12,0.22722949
2018-12-13,0.979629907
2018-12-14,1.172210133
2018-12-15,0.191071785
2018-12-16,0.237671119
2018-12-17,0.234070921
2018-12-18,0.216300883
2018-12-19,0.183499228
2018-12-20,0.636821928
2018-12-21,0.339957382
2018-12-22,0.172462405
2018-12-23,0.174247987
2018-12-24,0.185151519
2018-12-25,0.134764587
2018-12-26,0.82951697
2018-12-27,3.303895399
2018-12-28,0.345595228
2018-12-29,0.113774431
2018-12-30,0.187321139
2018-12-31,0.000749601
2019-01-01,0.164140582
2019-01-02,0.336393347
2019-01-03,0.424523933
2019-01-04,0.176576847
2019-01-05,0.173244614
2019-01-06,0.105230451
2019-01-07,0.109074821
2019-01-08,0.126009695
2019-01-09,0.136197133
2019-01-10,0.097030527
2019-01-11,0.091448513
2019-01-12,0.122829101
2019-01-13,0.103685455
2019-01-14,0.074829313
2019-01-15,0.115281509
2019-01-16,0.084002013
2019-01-17,0.2123416
2019-01-18,0.139432088
2019-01-19,0.872136974
2019-01-20,0.222824685
2019-01-21,0.178013121
2019-01-22,0.280289005
2019-01-23,0.486755805
2019-01-24,0.263940657
2019-01-25,0.101645487
2019-01-26,0.128195579
2019-01-27,0.114504242
2019-01-28,0.134840969
2019-01-29,0.248326659
2019-01-30,0.132779067
2019-01-31,0.125090327
2019-02-01,0.135640171
2019-02-02,0.09430008
2019-02-03,0.188049874
2019-02-04,0.141081991
2019-02-05,0.125199049
2019-02-06,0.113345495
2019-02-07,0.269237514
2019-02-08,0.452355798
2019-02-09,0.307193873
2019-02-10,0.195158764
2019-02-11,0.269433977
2019-02-12,0.182847433
2019-02-13,0.157823264
2019-02-14,0.178776082
2019-02-15,0.151631835
2019-02-16,0.112979274
2019-02-17,0.132965993
2019-02-18,0.114572909
2019-02-19,0.159766907
2019-02-20,0.214861279
2019-02-21,0.137691583
2019-02-22,0.094567116
2019-02-23,0.256849888
2019-02-24,0.18847141
2019-02-25,0.21703095
2019-02-26,0.160148388
2019-02-27,0.271360453
2019-02-28,0.130435823
2019-03-01,0.101070405
2019-03-02,0.106375846
2019-03-03,0.101784728
2019-03-04,0.217798679
2019-03-05,0.380852995
2019-03-06,0.170725889
2019-03-07,0.098026191
2019-03-08,0.143608346
2019-03-09,0.472545655
2019-03-10,0.20259668
2019-03-11,0.166549631
2019-03-12,0.200737916
2019-03-13,5.593542205
2019-03-14,4.198147461
2019-03-15,0.94522769
2019-03-16,0.300833639
2019-03-17,0.241657425
2019-03-18,0.150231801
2019-03-19,0.150129755
2019-03-20,0.097264183
2019-03-21,0.140215076
2019-03-22,0.117600911
2019-03-23,0.122376093
2019-03-24,0.097907932
2019-03-25,0.197592609
2019-03-26,0.151596548
2019-03-27,0.159693472
2019-03-28,0.109509709
2019-03-29,0.127983857
2019-03-30,0.201086971
2019-03-31,0.354733023
2019-04-01,0.079995514
2019-04-02,0.182733943
2019-04-03,0.102776577
2019-04-04,0.359612159
2019-04-05,0.133245427
2019-04-06,0.509476786
2019-04-07,1.613344108
2019-04-08,0.702392444
2019-04-09,0.266403114
2019-04-10,0.31632461
2019-04-11,0.364666776
2019-04-12,0.129127345
2019-04-13,2.289061526
2019-04-14,2.956438825
2019-04-15,0.396250503
2019-04-16,0.202206616
2019-04-17,0.298142294
2019-04-18,2.446968715
2019-04-19,0.702318055
2019-04-20,0.186201601
2019-04-21,0.207451974
2019-04-22,0.110004679
2019-04-23,0.230910165
2019-04-24,1.752028494
2019-04-25,0.575083807
2019-04-26,0.198056108
2019-04-27,0.185410982
2019-04-28,0.263886296
2019-04-29,0.157413172
2019-04-30,0.244386919
2019-05-01,0.27080826
2019-05-02,1.437449158
2019-05-03,0.892684469
2019-05-04,0.90295774
2019-05-05,0.168725024
2019-05-06,0.363780788
2019-05-07,0.571214641
2019-05-08,3.227383464
2019-05-09,3.59150377
2019-05-10,5.484155524
2019-05-11,3.230344707
2019-05-12,1.543889855
2019-05-13,0.60297671
2019-05-14,0.409417304
2019-05-15,0.25364259
2019-05-16,0.238380508
2019-05-17,0.212559044
2019-05-18,2.401557273
2019-05-19,1.866204663
2019-05-20,0.467801945
2019-05-21,1.082025655
2019-05-22,0.254580078
2019-05-23,0.319580546
2019-05-24,0.305596423
2019-05-25,0.219930202
2019-05-26,0.207972695
2019-05-27,0.129737714
2019-05-28,0.237139742
2019-05-29,0.559502235
2019-05-30,0.802012269
2019-05-31,0.519347594
2019-06-01,0.327042305
2019-06-02,1.050342743
2019-06-03,0.392802873
2019-06-04,0.373036459
2019-06-05,0.633077431
2019-06-06,0.842579863
2019-06-07,2.66846871
2019-06-08,0.705550149
2019-06-09,5.789462023
2019-06-10,25.23387467
2019-06-11,11.76063562
2019-06-12,3.0413974
2019-06-13,0.451468856
2019-06-14,0.409073017
2019-06-15,0.398649062
2019-06-16,2.359644961
2019-06-17,4.701521512
2019-06-18,0.570533698
2019-06-19,1.922576041
2019-06-20,3.476854565
2019-06-21,0.64709398
2019-06-22,0.401498721
2019-06-23,0.342347304
2019-06-24,6.328435836
2019-06-25,2.909569173
2019-06-26,0.775312447
2019-06-27,0.805154715
2019-06-28,0.538423528
2019-06-29,0.795922886
2019-06-30,2.010999413
2019-07-01,0.470956789
2019-07-02,0.458892467
2019-07-03,0.332661513
2019-07-04,0.537525142
2019-07-05,0.21938087
2019-07-06,0.25486142
2019-07-07,0.791696082
2019-07-08,0.407246679
2019-07-09,0.455132023
2019-07-10,0.514271042
2019-07-11,4.255614642
2019-07-12,0.451942846
2019-07-13,0.335507358
2019-07-14,0.307679307
2019-07-15,0.42364462
2019-07-16,0.391610746
2019-07-17,0.227793469
2019-07-18,0.253843821
2019-07-19,0.263005076
2019-07-20,0.187579699
2019-07-21,0.161360542
2019-07-22,0.384090811
2019-07-23,0.407822715
2019-07-24,0.380293172
2019-07-25,0.233680668
2019-07-26,0.15689722
2019-07-27,0.28575276
2019-07-28,0.325544994
2019-07-29,0.298604839
2019-07-30,0.509549267
2019-07-31,1.038161116
2019-08-01,0.418506077
2019-08-02,0.438232435
2019-08-03,0.424523933
2019-08-04,0.301740609
2019-08-05,0.243070811
2019-08-06,0.216785849
2019-08-07,0.258952799
2019-08-08,0.28423256
2019-08-09,0.249352841
2019-08-10,0.154919243
2019-08-11,0.173138754
2019-08-12,0.210072745
2019-08-13,0.277904752
2019-08-14,0.530205484
2019-08-15,1.35523915
2019-08-16,0.298437941
2019-08-17,0.226581315
2019-08-18,1.076589557
2019-08-19,2.34567419
2019-08-20,0.408132668
2019-08-21,0.187264978
2019-08-22,0.186661285
2019-08-23,0.39984405
2019-08-24,0.45535805
2019-08-25,0.484907532
2019-08-26,0.523376029
2019-08-27,0.698122723
2019-08-28,0.621542414
2019-08-29,0.55813272
2019-08-30,0.639761924
2019-08-31,0.683203973
2019-09-01,0.333793557
2019-09-02,0.267425482
2019-09-03,0.23454186
2019-09-04,0.347928364
2019-09-05,0.365345812
2019-09-06,0.326678945
2019-09-07,0.167546249
2019-09-08,0.120818699
2019-09-09,0.386805045
2019-09-10,0.488533504
2019-09-11,0.609772786
2019-09-12,0.365519385
2019-09-13,0.199600151
2019-09-14,0.253405118
2019-09-15,0.199351235
2019-09-16,0.28201139
2019-09-17,0.391197793
2019-09-18,0.610265849
2019-09-19,2.92339975
2019-09-20,3.048218272
2019-09-21,0.6901679
2019-09-22,0.394517628
2019-09-23,0.286012167
2019-09-24,0.324141146
2019-09-25,0.326082882
2019-09-26,0.330234344
2019-09-27,0.289033493
2019-09-28,0.217700448
2019-09-29,0.187683653
2019-09-30,0.38040857
2019-10-01,0.423971739
2019-10-02,0.208145314
2019-10-03,0.319822786
2019-10-04,0.420470702
2019-10-05,0.293080047
2019-10-06,0.346961311
2019-10-07,0.324690478
2019-10-08,0.219885378
2019-10-09,0.323795906
2019-10-10,0.390269842
2019-10-11,2.65775769
2019-10-12,1.855265709
2019-10-13,2.06565699
2019-10-14,1.957144853
2019-10-15,1.163631016
2019-10-16,0.73156426
2019-10-17,0.2511458
2019-10-18,0.229206855
2019-10-19,0.257045396
2019-10-20,0.183908903
2019-10-21,9.765891092
2019-10-22,3.310652081
2019-10-23,1.435690532
2019-10-24,0.711978096
2019-10-25,1.392186493
2019-10-26,0.440804568
2019-10-27,0.166583964
2019-10-28,0.189416528
2019-10-29,0.318069883
2019-10-30,0.592279996
2019-10-31,0.814338859
2019-11-01,0.320078378
2019-11-02,0.240252623
2019-11-03,0.21922637
2019-11-04,0.244900964
2019-11-05,0.231849561
2019-11-06,0.213145571
2019-11-07,0.423499657
2019-11-08,0.296576316
2019-11-09,0.227783932
2019-11-10,0.165072348
2019-11-11,0.444183532
2019-11-12,0.926882291
2019-11-13,0.370467188
2019-11-14,0.230475277
2019-11-15,0.204805452
2019-11-16,0.249577915
2019-11-17,0.186004185
2019-11-18,0.179093665
2019-11-19,0.193605184
2019-11-20,0.366665734
2019-11-21,0.189361213
2019-11-22,0.219694638
2019-11-23,0.185383325
2019-11-24,0.155285465
2019-11-25,0.220984042
2019-11-26,0.250281747
2019-11-27,0.253320239
2019-11-28,0.235842708
2019-11-29,0.272454349
2019-11-30,0.244136095
2019-12-01,0.1454261
2019-12-02,0.204597546
2019-12-03,0.174456769
2019-12-04,0.170739241
2019-12-05,0.207240252
2019-12-06,0.143470059
2019-12-07,0.128356754
2019-12-08,0.097983274
2019-12-09,0.32807421
2019-12-10,0.252711777
2019-12-11,0.194492126
2019-12-12,0.156901035
2019-12-13,0.187454764
2019-12-14,0.145307842
2019-12-15,0.108890756
2019-12-16,0.201278665
2019-12-17,0.165923049
2019-12-18,0.387583265
2019-12-19,0.255299169
2019-12-20,0.232386495
2019-12-21,0.166419928
2019-12-22,0.135223404
2019-12-23,0.163188788
2019-12-24,0.147628197
2019-12-25,0.114364048
2019-12-26,0.24814927
2019-12-27,0.209081849
2019-12-28,0.261913088
2019-12-29,0.290073981
2019-12-30,0.193948517
2019-12-31,0.002091467
2020-01-01,0.339542013
2020-01-02,0.231547062
2020-01-03,0.187437318
2020-01-04,0.192644109
2020-01-05,0.19471016
2020-01-06,0.311324191
2020-01-07,0.309646064
2020-01-08,0.259264894
2020-01-09,0.284148014
2020-01-10,0.575499905
2020-01-11,5.655939268
2020-01-12,0.338250373
2020-01-13,0.277092121
2020-01-14,0.248392987
2020-01-15,0.328431605
2020-01-16,0.427441105
2020-01-17,0.337286312
2020-01-18,0.3230093
2020-01-19,0.170013818
2020-01-20,0.269220153
2020-01-21,0.236252427
2020-01-22,0.413342251
2020-01-23,0.296900631
2020-01-24,0.180441769
2020-01-25,0.086361767
2020-01-26,0.140676765
2020-01-27,0.155631924
2020-01-28,0.324378526
2020-01-29,0.24160433
2020-01-30,0.240000914
2020-01-31,0.307166228
2020-02-01,0.246924625
2020-02-02,0.200487342
2020-02-03,0.173979255
2020-02-04,0.216945344
2020-02-05,0.348194138
2020-02-06,0.378136064
2020-02-07,0.376207942
2020-02-08,0.136691213
2020-02-09,0.186151424
2020-02-10,1.057108024
2020-02-11,0.208449825
2020-02-12,0.617635551
2020-02-13,0.287823227
2020-02-14,0.304936388
2020-02-15,0.185049435
2020-02-16,0.212301759
2020-02-17,0.217416599
2020-02-18,0.196921322
2020-02-19,0.281481401
2020-02-20,0.360998478
2020-02-21,0.216810289
2020-02-22,0.170818399
2020-02-23,0.147346171
2020-02-24,0.295084575
2020-02-25,0.185714651
2020-02-26,0.59662879
2020-02-27,0.377147578
2020-02-28,0.304822885
2020-02-29,0.303831525
2020-03-01,0.340918422
2020-03-02,0.304218012
2020-03-03,0.234929177
2020-03-04,1.309942013
2020-03-05,0.596194891
2020-03-06,0.209057572
2020-03-07,0.323532278
2020-03-08,0.188678672
2020-03-09,0.210410993
2020-03-10,0.432889271
2020-03-11,0.228146268
2020-03-12,0.234554185
2020-03-13,0.400433028
2020-03-14,0.245117191
2020-03-15,0.213632192
2020-03-16,0.60168185
2020-03-17,0.342579308
2020-03-18,0.675760818
2020-03-19,0.79100275
2020-03-20,0.903840995
2020-03-21,0.487191339
2020-03-22,0.433140703
2020-03-23,0.268395457
2020-03-24,0.32635406
2020-03-25,0.35835629
2020-03-26,0.318167444
2020-03-27,0.32344751
2020-03-28,0.524328522
2020-03-29,0.316486443
2020-03-30,0.245558274
2020-03-31,0.33375621
2020-04-01,0.266984566
2020-04-02,0.264935757
2020-04-03,0.26409813
2020-04-04,0.657179295
2020-04-05,0.197633951
2020-04-06,0.17985701
2020-04-07,0.258747663
2020-04-08,0.283426764
2020-04-09,1.404323733
2020-04-10,3.431379179
2020-04-11,0.540579632
2020-04-12,2.2043536
2020-04-13,9.159658944
2020-04-14,3.579380509
2020-04-15,1.392042371
2020-04-16,0.354645157
2020-04-17,0.177836936
2020-04-18,0.31325806
2020-04-19,0.821240647
2020-04-20,0.358163765
2020-04-21,0.255066703
2020-04-22,0.560809109
2020-04-23,1.800354551
2020-04-24,1.314457726
2020-04-25,1.613797963
2020-04-26,0.788247058
2020-04-27,0.758888454
2020-04-28,1.455526725
2020-04-29,6.863883335
2020-04-30,0.642189655
2020-05-01,0.411271891
2020-05-02,0.238890304
2020-05-03,0.179550982
2020-05-04,0.371877569
2020-05-05,0.467930233
2020-05-06,0.471809465
2020-05-07,0.359843329
2020-05-08,1.417130946
2020-05-09,1.298588793
2020-05-10,0.317122924
2020-05-11,0.228304311
2020-05-12,0.647361964
2020-05-13,0.618575188
2020-05-14,0.737564171
2020-05-15,0.770720112
2020-05-16,5.83743705
2020-05-17,1.095808394
2020-05-18,0.863922258
2020-05-19,0.976272008
2020-05-20,1.055965805
2020-05-21,0.84301607
2020-05-22,0.631096487
2020-05-23,2.041290791
2020-05-24,1.488248767
2020-05-25,4.414513117
2020-05-26,1.405371126
2020-05-27,1.430751362
2020-05-28,5.356537251
2020-05-29,0.873562869
2020-05-30,0.379944935
2020-05-31,0.366121938
2020-06-01,0.596190581
2020-06-02,0.310996611
2020-06-03,1.148813073
2020-06-04,0.533862813
2020-06-05,1.013877572
2020-06-06,0.698287663
2020-06-07,0.558369503
2020-06-08,0.387236455
2020-06-09,1.005110507
2020-06-10,0.828884171
2020-06-11,0.248309655
2020-06-12,0.5310281
2020-06-13,0.297762682
2020-06-14,0.351115056
2020-06-15,0.595025374
2020-06-16,0.392434626
2020-06-17,0.435662204
2020-06-18,0.522144658
2020-06-19,0.628954289
2020-06-20,2.360813093
2020-06-21,0.763977432
2020-06-22,1.981929918
2020-06-23,1.700139615
2020-06-24,1.19675751
2020-06-25,0.803305663
2020-06-26,0.625973027
2020-06-27,0.448624587
2020-06-28,0.364564498
2020-06-29,0.474727509
2020-06-30,0.525518153
2020-07-01,0.364211057
2020-07-02,0.518641855
2020-07-03,0.775054795
2020-07-04,0.785147983
2020-07-05,0.472364051
2020-07-06,1.182911525
2020-07-07,0.830387014
2020-07-08,0.404772022
2020-07-09,0.49060219
2020-07-10,1.029216344
2020-07-11,0.606032337
2020-07-12,2.908309252
2020-07-13,0.705643837
2020-07-14,0.666354398
2020-07-15,0.550756151
2020-07-16,0.72657445
2020-07-17,0.479251844
2020-07-18,0.30341343
2020-07-19,0.363347568
2020-07-20,0.502955389
2020-07-21,0.809154683
2020-07-22,0.597262398
2020-07-23,0.320989226
2020-07-24,0.415425543
2020-07-25,1.881690557
2020-07-26,23.8668556
2020-07-27,16.56666927
2020-07-28,7.109553675
2020-07-29,3.813125802
2020-07-30,1.887528083
2020-07-31,1.874351624
2020-08-01,1.057280434
2020-08-02,0.893285173
2020-08-03,0.55608794
2020-08-04,0.660968012
2020-08-05,0.766276236
2020-08-06,0.783666691
2020-08-07,0.670525291
2020-08-08,0.468022185
2020-08-09,0.426722729
2020-08-10,0.622300687
2020-08-11,0.589383247
2020-08-12,0.529602841
2020-08-13,0.668235107
2020-08-14,0.471092525
2020-08-15,0.503895026
2020-08-16,0.555467263
2020-08-17,9.411240085
2020-08-18,0.908894054
2020-08-19,0.848287516
2020-08-20,0.334340969
2020-08-21,0.313587076
2020-08-22,1.478475975
2020-08-23,0.667207829
2020-08-24,0.384811217
2020-08-25,0.372998236
2020-08-26,0.362097594
2020-08-27,15.66768594
2020-08-28,24.68681898
2020-08-29,12.06078012
2020-08-30,11.59253524
2020-08-31,8.347566102
2020-09-01,5.453393059
2020-09-02,5.09063456
2020-09-03,1.951256685
2020-09-04,1.705109343
2020-09-05,0.952408982
2020-09-06,0.611285104
2020-09-07,0.569362098
2020-09-08,0.513068691
2020-09-09,0.828983307
2020-09-10,0.840500316
2020-09-11,0.36175421
2020-09-12,0.327895696
2020-09-13,0.381605821
2020-09-14,0.593508164
2020-09-15,0.351561886
2020-09-16,0.446664856
2020-09-17,0.414613777
2020-09-18,0.291656483
2020-09-19,0.292377733
2020-09-20,0.39610984
2020-09-21,0.624345186
2020-09-22,0.803697897
2020-09-23,0.641369269
2020-09-24,0.246562564
2020-09-25,0.357336195
2020-09-26,0.256137084
2020-09-27,0.251308158
2020-09-28,0.853504365
2020-09-29,0.377413377
2020-09-30,0.427952589
2020-10-01,0.287820354
2020-10-02,0.347889546
2020-10-03,0.272962894
2020-10-04,0.160324358
2020-10-05,0.240243725
2020-10-06,0.441996847
2020-10-07,0.211515856
2020-10-08,0.496534542
2020-10-09,1.522569915
2020-10-10,13.61110235
2020-10-11,8.479642465
2020-10-12,4.59992605
2020-10-13,2.352905206
2020-10-14,0.915182721
2020-10-15,0.32550925
2020-10-16,0.396029382
2020-10-17,0.343740205
2020-10-18,0.278120836
2020-10-19,0.456592817
2020-10-20,0.265432873
2020-10-21,0.237309876
2020-10-22,0.243775264
2020-10-23,1.483885349
2020-10-24,0.551695787
2020-10-25,0.238062735
2020-10-26,0.479384025
2020-10-27,1.504017128
2020-10-28,6.552491617
2020-10-29,6.780550243
2020-10-30,2.633978569
2020-10-31,1.602043889
2020-11-01,0.883058367
2020-11-02,0.81427527
2020-11-03,0.716890736
2020-11-04,0.443699399
2020-11-05,0.307825698
2020-11-06,0.236314207
2020-11-07,0.322763615
2020-11-08,0.198853754
2020-11-09,0.360109128
2020-11-10,0.253106972
2020-11-11,0.425639417
2020-11-12,0.471214649
2020-11-13,0.23680414
2020-11-14,0.353715578
2020-11-15,0.539503504
2020-11-16,0.30329849
2020-11-17,0.275023198
2020-11-18,0.254589701
2020-11-19,0.199047716
2020-11-20,0.185888498
2020-11-21,0.209383715
2020-11-22,0.220361942
2020-11-23,0.333060822
2020-11-24,0.416100816
2020-11-25,1.4657406
2020-11-26,0.209796063
2020-11-27,0.387893051
2020-11-28,0.960503647
2020-11-29,0.752331115
2020-11-30,0.380143207
2020-12-01,0.764649832
2020-12-02,0.490754486
2020-12-03,0.356047428
2020-12-04,0.418672604
2020-12-05,0.374022641
2020-12-06,0.249132914
2020-12-07,0.192635489
2020-12-08,0.342128168
2020-12-09,0.346310555
2020-12-10,0.213106341
2020-12-11,0.290106227
2020-12-12,0.2628108
2020-12-13,0.884569831
2020-12-14,1.014996803
2020-12-15,0.18236127
2020-12-16,0.252779393
2020-12-17,0.410520469
2020-12-18,0.262345292
2020-12-19,0.567972758
2020-12-20,0.329905713
2020-12-21,0.254106952
2020-12-22,0.351948373
2020-12-23,0.210967016
2020-12-24,1.087649075
2020-12-25,0.219660807
2020-12-26,0.277401023
2020-12-27,0.254075343
2020-12-28,0.199766092
2020-12-29,0.304788403
2020-12-30,0.427591964
2020-12-31,0.005882065
2021-01-01,2.161312553
2021-01-02,2.755308902
2021-01-03,1.879260001
2021-01-04,1.194407217
2021-01-05,0.758120992
2021-01-06,0.836894426
2021-01-07,0.665587589
2021-01-08,0.584039064
2021-01-09,0.500892248
2021-01-10,0.984937812
2021-01-11,4.357306447
2021-01-12,2.062234249
2021-01-13,11.28126811
2021-01-14,6.931265805
2021-01-15,2.88911772
2021-01-16,1.737011824
2021-01-17,0.839778824
2021-01-18,0.700943875
2021-01-19,2.954161812
2021-01-20,4.086234839
2021-01-21,1.681161278
2021-01-22,1.137710037
2021-01-23,0.900399797
2021-01-24,0.660435573
2021-01-25,1.455966353
2021-01-26,1.645257897
2021-01-27,6.970942647
2021-01-28,4.411115014
2021-01-29,2.188555715
2021-01-30,1.556387805
2021-01-31,1.406835203
2021-02-01,1.292500077
2021-02-02,1.420421519
2021-02-03,1.192655223
2021-02-04,1.168292245
2021-02-05,0.953574724
2021-02-06,0.6940157
2021-02-07,1.234810428
2021-02-08,0.861133767
2021-02-09,0.716360864
2021-02-10,0.724255376
2021-02-11,3.443761212
2021-02-12,4.649880519
2021-02-13,12.63754247
2021-02-14,19.06548655
2021-02-15,58.40462713
2021-02-16,111.2190439
2021-02-17,101.6577252
2021-02-18,40.7561809
2021-02-19,17.05147163
2021-02-20,10.14501839
2021-02-21,6.235893468
2021-02-22,4.174389802
2021-02-23,2.819575766
2021-02-24,2.106106606
2021-02-25,1.525610027
2021-02-26,1.421112763
2021-02-27,1.102866564
2021-02-28,1.181368277
2021-03-01,1.69381301
2021-03-02,4.106970472
2021-03-03,1.493858887
2021-03-04,0.92114667
2021-03-05,0.715907622
2021-03-06,0.837867787
2021-03-07,0.750265257
2021-03-08,0.671594668
2021-03-09,0.818031895
2021-03-10,1.135350535
2021-03-11,1.219487291
2021-03-12,0.955262933
2021-03-13,1.121233141
2021-03-14,1.351789703
2021-03-15,1.907467251
2021-03-16,1.219682863
2021-03-17,1.928910426
2021-03-18,2.253708551
2021-03-19,1.260860491
2021-03-20,0.636961939
2021-03-21,0.73484293
2021-03-22,0.832808219
2021-03-23,1.041971622
2021-03-24,1.086834761
2021-03-25,1.236620588
2021-03-26,5.272410352
2021-03-27,1.984506674
2021-03-28,2.357003724
2021-03-29,3.355510711
2021-03-30,1.251250795
2021-03-31,1.095020383
2021-04-01,1.160314277
2021-04-02,0.696961355
2021-04-03,0.729295556
2021-04-04,0.522119901
2021-04-05,0.753832751
2021-04-06,0.966012619
2021-04-07,1.143074203
2021-04-08,1.364201185
2021-04-09,1.272857227
2021-04-10,3.349376624
2021-04-11,2.397419298
2021-04-12,1.521065238
2021-04-13,1.12199351
2021-04-14,0.930901078
2021-04-15,0.907376022
2021-04-16,1.423160644
2021-04-17,0.767555911
2021-04-18,0.600407496
2021-04-19,1.138646027
2021-04-20,0.78862705
2021-04-21,2.146543816
2021-04-22,1.946013376
2021-04-23,0.965179474
2021-04-24,2.59194266
2021-04-25,1.582464844
2021-04-26,0.902306057
2021-04-27,0.832637936
2021-04-28,0.971201164
2021-04-29,1.902203962
2021-04-30,2.213883906
2021-05-01,1.966725125
2021-05-02,0.913264241
2021-05-03,1.310151526
2021-05-04,4.485307129
2021-05-05,6.736466226
2021-05-06,1.986383991
2021-05-07,1.389826667
2021-05-08,0.909153587
2021-05-09,1.319218062
2021-05-10,1.921849341
2021-05-11,1.30693977
2021-05-12,1.987413551
2021-05-13,0.909585474
2021-05-14,0.85427022
2021-05-15,0.864053289
2021-05-16,1.194732889
2021-05-17,1.143606405
2021-05-18,2.120108792
2021-05-19,2.390466676
2021-05-20,1.971071251
2021-05-21,1.266941471
2021-05-22,1.054174607
2021-05-23,1.396039996
2021-05-24,1.370965542
2021-05-25,1.66101545
2021-05-26,2.588150091
2021-05-27,2.713814875
2021-05-28,2.640198234
2021-05-29,4.422482324
2021-05-30,1.587576116
2021-05-31,1.056327579
2021-06-01,1.402974072
2021-06-02,1.586743813
2021-06-03,1.883586458
2021-06-04,1.38209457
2021-06-05,1.140011093
2021-06-06,1.455662037
2021-06-07,1.811359048
2021-06-08,2.270790988
2021-06-09,1.891494457
2021-06-10,1.589919039
2021-06-11,1.855434001
2021-06-12,2.510511871
2021-06-13,2.127175778
2021-06-14,3.356572586
2021-06-15,2.185693796
2021-06-16,1.714435122
2021-06-17,1.336122349
2021-06-18,2.183102193
2021-06-19,3.634016845
2021-06-20,2.739620193
2021-06-21,6.254272971
2021-06-22,3.884614705
2021-06-23,1.56418397
2021-06-24,1.767315567
2021-06-25,1.607372669
2021-06-26,2.515881938
2021-06-27,3.196906747
2021-06-28,2.550612171
2021-06-29,3.006827859
2021-06-30,3.942191676
2021-07-01,3.009680786
2021-07-02,2.850930986
2021-07-03,1.456989731
2021-07-04,1.332930263
2021-07-05,1.353942956
2021-07-06,2.210546827
2021-07-07,5.462088543
2021-07-08,7.168129546
2021-07-09,4.063221753
2021-07-10,6.760488921
2021-07-11,5.166281359
2021-07-12,3.794964576
2021-07-13,2.814213567
2021-07-14,2.584615193
2021-07-15,1.842973907
2021-07-16,1.62467962
2021-07-17,2.234373389
2021-07-18,2.657202555
2021-07-19,1.545913773
2021-07-20,1.684610754
2021-07-21,2.908658288
2021-07-22,2.192361491
2021-07-23,1.609340747
2021-07-24,1.512453069
2021-07-25,4.587904033
2021-07-26,4.062921652
2021-07-27,4.205703435
2021-07-28,3.156913506
2021-07-29,3.638299186
2021-07-30,2.249897717
2021-07-31,1.338246941
2021-08-01,2.162312609
2021-08-02,1.889810744
2021-08-03,1.661713156
2021-08-04,1.34334613
2021-08-05,1.464841813
2021-08-06,1.392408155
2021-08-07,1.648799539
2021-08-08,2.004484468
2021-08-09,2.075112462
2021-08-10,2.87967943
2021-08-11,15.36997681
2021-08-12,22.89302642
2021-08-13,24.24267524
2021-08-14,16.42647046
2021-08-15,9.761893044
2021-08-16,5.882118171
2021-08-17,3.995115956
2021-08-18,4.376129919
2021-08-19,2.572376522
2021-08-20,1.730834464
2021-08-21,1.838704773
2021-08-22,2.670759367
2021-08-23,3.339741638
2021-08-24,2.393948467
2021-08-25,4.731852782
2021-08-26,2.545160335
2021-08-27,2.140994476
2021-08-28,2.058400374
2021-08-29,5.684386706
2021-08-30,30.31201684
2021-08-31,30.65430737
2021-09-01,27.44912818
2021-09-02,31.6476334
2021-09-03,24.86448235
2021-09-04,20.7610007
2021-09-05,17.73859596
2021-09-06,15.56543307
2021-09-07,13.54920532
2021-09-08,14.3724519
2021-09-09,9.418143876
2021-09-10,7.681930073
2021-09-11,6.237428254
2021-09-12,5.612959567
2021-09-13,5.556048831
2021-09-14,12.31095413
2021-09-15,8.752378137
2021-09-16,5.089886817
2021-09-17,3.738483761
2021-09-18,4.14341898
2021-09-19,2.516263527
2021-09-20,2.15556455
2021-09-21,2.127205002
2021-09-22,3.091645182
2021-09-23,6.856420379
2021-09-24,5.054670465
2021-09-25,2.711110032
2021-09-26,1.61072745
2021-09-27,4.650593681
2021-09-28,5.0984973
2021-09-29,2.968402562
2021-09-30,1.557025099
2021-10-01,1.360491228
2021-10-02,1.271278044
2021-10-03,1.344620716
2021-10-04,1.302219361
2021-10-05,2.472225666
2021-10-06,1.22291204
2021-10-07,1.401353582
2021-10-08,1.328385193
2021-10-09,1.193402666
2021-10-10,1.068960204
2021-10-11,2.845626672
2021-10-12,3.430209458
2021-10-13,1.466027044
2021-10-14,1.419706672
2021-10-15,1.354447901
2021-10-16,1.630550698
2021-10-17,1.214001455
2021-10-18,1.614173554
2021-10-19,1.103347625
2021-10-20,1.387079675
2021-10-21,1.178456341
2021-10-22,1.46992639
2021-10-23,1.068938567
2021-10-24,3.123298255
2021-10-25,6.822487325
2021-10-26,2.925003679
2021-10-27,11.91316458
2021-10-28,11.12709681
2021-10-29,7.21713453
2021-10-30,3.647072645
2021-10-31,1.286901563
2021-11-01,0.938965591
2021-11-02,1.270959397
2021-11-03,1.370367306
2021-11-04,1.229868877
2021-11-05,1.07690108
2021-11-06,0.94758029
2021-11-07,0.7859711
2021-11-08,0.758521408
2021-11-09,1.539137615
2021-11-10,0.884683831
2021-11-11,1.293262131
2021-11-12,1.646360796
2021-11-13,1.590246959
2021-11-14,1.338913738
2021-11-15,1.8396742
2021-11-16,3.375898475
2021-11-17,1.552104341
2021-11-18,1.166807756
2021-11-19,0.869148825
2021-11-20,0.795322563
2021-11-21,0.589730025
2021-11-22,1.367773737
2021-11-23,0.776830382
2021-11-24,0.577626792
2021-11-25,1.188069409
2021-11-26,1.037964936
2021-11-27,0.821263882
2021-11-28,0.639796321
2021-11-29,0.614760082
2021-11-30,0.75353546
2021-12-01,0.798729609
2021-12-02,0.951613108
2021-12-03,1.162300339
2021-12-04,0.685362506
2021-12-05,0.664597649
2021-12-06,2.486851939
2021-12-07,2.077220756
2021-12-08,1.04008447
2021-12-09,0.885283471
2021-12-10,0.982374308
2021-12-11,12.30731302
2021-12-12,14.23825194
2021-12-13,4.262632716
2021-12-14,3.162290035
2021-12-15,3.813810528
2021-12-16,14.250433
2021-12-17,7.117322552
2021-12-18,3.500012175
2021-12-19,1.651929806
2021-12-20,0.882441784
2021-12-21,1.230431988
2021-12-22,0.871352376
2021-12-23,0.597587727
2021-12-24,0.824526497
2021-12-25,0.900110936
2021-12-26,1.440293098
2021-12-27,2.900335823
2021-12-28,3.442439419
2021-12-29,3.085581623
2021-12-30,3.511759107
2021-12-31,0.038770919
2022-01-01,0.244830876
2022-01-02,0.918988423
2022-01-03,0.380238717
2022-01-04,0.264317363
2022-01-05,0.215235997
2022-01-06,0.264853792
2022-01-07,0.300087763
2022-01-08,0.434717311
2022-01-09,1.202559821
2022-01-10,0.273835683
2022-01-11,0.223420773
2022-01-12,0.640211947
2022-01-13,0.184589905
2022-01-14,0.157901154
2022-01-15,1.293493938
2022-01-16,0.278862116
2022-01-17,0.180836785
2022-01-18,0.154973381
2022-01-19,0.193295112
2022-01-20,0.185138569
2022-01-21,0.348190381
2022-01-22,0.138006228
2022-01-23,0.107930445
2022-01-24,0.195109559
2022-01-25,0.254048043
2022-01-26,0.243559445
2022-01-27,0.24235201
2022-01-28,0.187677666
2022-01-29,0.175426381
2022-01-30,0.119810934
2022-01-31,0.232691583
2022-02-01,0.243173593
2022-02-02,0.185009638
2022-02-03,3.845443592
2022-02-04,1.691602326
2022-02-05,1.053878657
2022-02-06,0.181040063
2022-02-07,0.20579673
2022-02-08,0.240706961
2022-02-09,0.214192313
2022-02-10,0.217997194
2022-02-11,0.20986512
2022-02-12,0.393884716
2022-02-13,0.204054747
2022-02-14,0.186312125
2022-02-15,0.25968337
2022-02-16,0.410676825
2022-02-17,0.542392717
2022-02-18,0.211771795
2022-02-19,0.121041898
2022-02-20,0.120407594
2022-02-21,0.442560467
2022-02-22,0.404687643
2022-02-23,0.192265545
2022-02-24,0.389811621
2022-02-25,0.241922866
2022-02-26,0.159538674
2022-02-27,0.202715557
2022-02-28,0.252725792
2022-03-01,0.257717405
2022-03-02,0.17853861
2022-03-03,0.221492452
2022-03-04,0.169885165
2022-03-05,0.212536912
2022-03-06,0.139911021
2022-03-07,0.203902289
2022-03-08,0.156757713
2022-03-09,0.226806863
2022-03-10,0.238458665
2022-03-11,0.213564597
2022-03-12,0.266479078
2022-03-13,0.13896333
2022-03-14,0.229696992
2022-03-15,0.599901664
2022-03-16,0.314827324
2022-03-17,0.412860185
2022-03-18,0.466654597
2022-03-19,0.249189126
2022-03-20,0.287000779
2022-03-21,1.846690522
2022-03-22,4.708969968
2022-03-23,1.444632322
2022-03-24,0.555032677
2022-03-25,0.337667904
2022-03-26,0.318301878
2022-03-27,0.231949993
2022-03-28,0.189400826
2022-03-29,0.501045339
2022-03-30,1.387152549
2022-03-31,0.332174684
2022-04-01,0.158760381
2022-04-02,0.17886235
2022-04-03,0.163687999
2022-04-04,0.201203204
2022-04-05,2.048540264
2022-04-06,0.531530501
2022-04-07,0.661581582
2022-04-08,0.435922865
2022-04-09,0.313153101
2022-04-10,0.70808056
2022-04-11,1.083337076
2022-04-12,0.645779515
2022-04-13,4.898134577
2022-04-14,1.089488128
2022-04-15,0.472421678
2022-04-16,0.166935747
2022-04-17,0.125970456
2022-04-18,0.338779347
2022-04-19,0.298015453
2022-04-20,0.663091112
2022-04-21,0.279188679
2022-04-22,0.193162416
2022-04-23,0.348041687
2022-04-24,0.314360537
2022-04-25,1.79847403
2022-04-26,0.970137393
2022-04-27,0.249791432
2022-04-28,0.318284938
2022-04-29,0.24509062
2022-04-30,0.234867414
2022-05-01,0.361764857
2022-05-02,1.312002619
2022-05-03,0.613670007
2022-05-04,0.372184754
2022-05-05,1.259690444
2022-05-06,0.748915037
2022-05-07,0.35153224
2022-05-08,0.304288848
2022-05-09,0.367460415
2022-05-10,0.299810137
2022-05-11,0.486894908
2022-05-12,0.272014648
2022-05-13,0.206936406
2022-05-14,0.771332121
2022-05-15,0.240231704
2022-05-16,3.809933878
2022-05-17,0.469185224
2022-05-18,0.48769014
2022-05-19,0.429273028
2022-05-20,0.38432687
2022-05-21,0.259195878
2022-05-22,4.006761892
2022-05-23,0.392471179
2022-05-24,1.926079183
2022-05-25,5.749560244
2022-05-26,0.477861256
2022-05-27,0.359079889
2022-05-28,0.321798077
2022-05-29,0.298555646
2022-05-30,0.23696231
2022-05-31,0.321137423
2022-06-01,0.306483502
2022-06-02,1.708054696
2022-06-03,0.386606223
2022-06-04,0.570002809
2022-06-05,0.417108325
2022-06-06,0.438739587
2022-06-07,0.318125892
2022-06-08,0.431849769
2022-06-09,0.360683529
2022-06-10,0.506324929
2022-06-11,0.365172592
2022-06-12,0.599625921
2022-06-13,0.495309313
2022-06-14,0.442072034
2022-06-15,0.456308106
2022-06-16,0.302300297
2022-06-17,0.441309741
2022-06-18,0.405765206
2022-06-19,0.343383225
2022-06-20,0.489299427
2022-06-21,0.584112772
2022-06-22,0.34145114
2022-06-23,0.416111697
2022-06-24,0.352498753
2022-06-25,0.246402519
2022-06-26,0.199825429
2022-06-27,1.423562899
2022-06-28,1.5507822
2022-06-29,0.657294856
2022-06-30,0.314942139
2022-07-01,0.416612364
2022-07-02,0.338279621
2022-07-03,0.263710351
2022-07-04,0.206219285
2022-07-05,0.317357951
2022-07-06,0.361670747
2022-07-07,0.415876421
2022-07-08,0.34609078
2022-07-09,0.489190259
2022-07-10,0.781009487
2022-07-11,1.202191849
2022-07-12,0.631479448
2022-07-13,0.632209744
2022-07-14,1.876784186
2022-07-15,0.774501757
2022-07-16,0.269493432
2022-07-17,0.255242303
2022-07-18,0.358784383
2022-07-19,0.431081829
2022-07-20,0.439459531
2022-07-21,0.440390283
2022-07-22,0.442228258
2022-07-23,0.215489154
2022-07-24,0.344573721
2022-07-25,0.267782506
2022-07-26,0.27280141
2022-07-27,0.380809026
2022-07-28,0.363812698
2022-07-29,0.29443079
2022-07-30,0.505323595
2022-07-31,0.239814795
2022-08-01,0.266249448
2022-08-02,0.319313564
2022-08-03,0.340174063
2022-08-04,0.450533495
2022-08-05,0.434445332
2022-08-06,0.262947117
2022-08-07,0.18565147
2022-08-08,0.223976024
2022-08-09,0.522922229
2022-08-10,0.9195832
2022-08-11,4.143074134
2022-08-12,0.67201936
2022-08-13,0.895199211
2022-08-14,0.750013305
2022-08-15,0.571395642
2022-08-16,0.31281901
2022-08-17,0.345148735
2022-08-18,1.537728154
2022-08-19,1.094833595
2022-08-20,0.48468802
2022-08-21,0.554973387
2022-08-22,2.036081937
2022-08-23,0.98911192
2022-08-24,0.397140934
2022-08-25,0.353012595
2022-08-26,0.268162712
2022-08-27,0.139809382
2022-08-28,0.232934388
2022-08-29,0.540014549
2022-08-30,0.605065499
2022-08-31,0.509435276
2022-09-01,0.598865509
2022-09-02,0.456992288
2022-09-03,0.355919664
2022-09-04,2.19289894
2022-09-05,5.057816298
2022-09-06,0.529614415
2022-09-07,0.696973658
2022-09-08,0.747702896
2022-09-09,0.374409522
2022-09-10,0.252046316
2022-09-11,0.177301059
2022-09-12,0.196721669
2022-09-13,0.247809468
2022-09-14,0.220973904
2022-09-15,0.315938767
2022-09-16,0.447665012
2022-09-17,0.286476584
2022-09-18,0.176554764
2022-09-19,0.331040654
2022-09-20,0.237518502
2022-09-21,0.250322214
2022-09-22,0.184526851
2022-09-23,0.263380965
2022-09-24,0.39181523
2022-09-25,0.388619243
2022-09-26,0.527127079
2022-09-27,0.387804247
2022-09-28,0.263311324
2022-09-29,0.208736737
2022-09-30,0.238768288
2022-10-01,0.218267291
2022-10-02,0.235028343
2022-10-03,0.212124709
2022-10-04,0.185189388
2022-10-05,0.319189339
2022-10-06,0.209656195
2022-10-07,0.206938288
2022-10-08,0.177204126
2022-10-09,0.1870076
2022-10-10,0.24280468
2022-10-11,0.241554895
2022-10-12,0.216151691
2022-10-13,0.394850289
2022-10-14,0.301701755
2022-10-15,0.198525765
2022-10-16,0.524135311
2022-10-17,0.664757806
2022-10-18,0.30875909
2022-10-19,0.358701565
2022-10-20,0.295166733
2022-10-21,0.241722411
2022-10-22,0.533472939
2022-10-23,0.530728681
2022-10-24,0.683061326
2022-10-25,7.024011896
2022-10-26,0.387506859
2022-10-27,0.323313254
2022-10-28,0.854737411
2022-10-29,0.378403565
2022-10-30,0.184606845
2022-10-31,0.232037516
2022-11-01,0.298606466
2022-11-02,0.211181723
2022-11-03,0.214870849
2022-11-04,0.824687038
2022-11-05,3.24275438
2022-11-06,0.528888824
2022-11-07,0.467043272
2022-11-08,0.246958711
2022-11-09,0.224871014
2022-11-10,0.267271487
2022-11-11,0.498016868
2022-11-12,0.497072
2022-11-13,0.254181679
2022-11-14,0.307678703
2022-11-15,0.302067844
2022-11-16,0.21129842
2022-11-17,0.230226833
2022-11-18,0.226016336
2022-11-19,0.2709672
2022-11-20,0.298885033
2022-11-21,0.255269595
2022-11-22,0.261351005
2022-11-23,0.202829431
2022-11-24,0.507433549
2022-11-25,0.452736618
2022-11-26,0.92312269
2022-11-27,0.307652352
2022-11-28,0.270377128
2022-11-29,0.273399011
2022-11-30,0.597084942
2022-12-01,0.193870126
2022-12-02,0.152632857
2022-12-03,0.102176539
2022-12-04,0.14112975
2022-12-05,0.176260199
2022-12-06,0.234432624
2022-12-07,0.225604133
2022-12-08,0.20356255
2022-12-09,0.189337772
2022-12-10,0.160037458
2022-12-11,0.565695379
2022-12-12,0.200648894
2022-12-13,0.935446439
2022-12-14,0.321810312
2022-12-15,0.304165564
2022-12-16,0.23084702
2022-12-17,0.315661142
2022-12-18,0.425711893
2022-12-19,0.239402591
2022-12-20,0.240964823
2022-12-21,0.203602077
2022-12-22,0.880325071
2022-12-23,6.263813028
2022-12-24,1.48104079
2022-12-25,0.515967474
2022-12-26,0.311740505
2022-12-27,0.194168456
2022-12-28,0.251855272
2022-12-29,0.197099993
2022-12-30,0.748136745
2022-12-31,0.102620739
